<?xml version="1.0" encoding="UTF-8"?>
<project xmlns="http://maven.apache.org/DECORATION/1.3.0"
	xmlns:xsi="http://www.w3.org/2001/XMLSchema-instance"
	xsi:schemaLocation="http://maven.apache.org/DECORATION/1.3.0 http://maven.apache.org/xsd/decoration-1.3.0.xsd">

	<bannerLeft>
		<name><![CDATA[
      <span class="color-highlight">AEM</span> psp App
      ]]>
    </name>
		<href>lud-app</href>
	</bannerLeft>

	<publishDate position="bottom" format="yyyy-MM-dd" />
	<version position="bottom" />
	
	<skin>
		<groupId>lt.velykis.maven.skins</groupId>
		<artifactId>reflow-maven-skin</artifactId>
		<version>1.1.1</version>
	</skin>
	
	<custom>
		<reflowSkin>
			<!-- Make this to 'false' for local development, i.e. file:// URLs -->
			<protocolRelativeURLs>true</protocolRelativeURLs>
			<smoothScroll>true</smoothScroll>
			<theme>default</theme>
			<highlightJs>true</highlightJs>
			<highlightJsTheme>github</highlightJsTheme>
			<absoluteResourceURL></absoluteResourceURL>
			<brand>
				<!-- Brand text in top-left part of the site -->
				<name>
          <![CDATA[
          <span class="color-highlight">AEM</span> lud-app
          ]]>
				</name>
				<href>http://alm.aps.scania.com/maven-site/AEM/${project.artifactId}</href>
			</brand>
			<slogan>Scania AEM Application</slogan>
			<titlepsp>%2$s | %1$s</titlepsp>
			<!-- Use Table of Contents at the top of the page (max 6 elements) -->
			<toc>top</toc>
			<tocTopMax>6</tocTopMax>
			<!-- Include the documentation and tools in the top navigation (in addition 
				to links) -->
			<topNav>Documentation|Tools</topNav>
			<!-- Split menus in the bottom navigation -->
			<bottomNav maxSpan="9">
				<column>Main|Tools</column>
				<column>Download</column>
				<column>Documentation</column>
				<column>reports</column>
			</bottomNav>
			<bottomDescription>
        <![CDATA[
          <span class="color-highlight">lud-app</span> is the master application used for creating new apps @ Scania in using the AEM Platform  
          <a href="https://github.scania.com/AEM" title="AEM Github"></a>.
          This psp is used for creating the master application and contains various structural and stylistic customizations 
          to create a modern-looking website based on Scanias design of <a href="https://static.scania.com/ux-library/" title="Bootstrap"></a>.
        ]]>
			</bottomDescription>
			<pages>
				<index project="reflow-parent">
					<!-- Override the title -->
					<titlepsp>Scania AEM ${project.name}</titlepsp>
					<!-- no breadcrumbs on the main index page -->
					<breadcrumbs>false</breadcrumbs>
					<!-- no ToC on the main index page -->
					<toc>false</toc>
					<markPageHeader>false</markPageHeader>
					<sections>
						<carousel />
						<columns>2</columns>
						<body />
						<sidebar />
					</sections>
				</index>
				<contribute>
					<breadcrumbs>false</breadcrumbs>
				</contribute>
				<!-- Disable source highlighting for Maven reports -->
				<source-repository>
					<highlightJs>false</highlightJs>
				</source-repository>
				<issue-tracking>
					<highlightJs>false</highlightJs>
					<toc>false</toc>
				</issue-tracking>
				<license>
					<highlightJs>false</highlightJs>
					<toc>false</toc>
				</license>
				<!-- Disable ToC for some Maven reports -->
				<project-info>
					<toc>false</toc>
				</project-info>
				<github-report>
					<toc>false</toc>
				</github-report>
				<dependencies>
					<tocTopMax>4</tocTopMax>
				</dependencies>
			</pages>
		</reflowSkin>
	</custom>

	<body>
		<head>
				
		</head>
		<links>
			<item name="Scania GitHub AEM project" href="http://github.scania.com/AEM/${project.artifactId}" />
		</links>

		<breadcrumbs>
			<item name="lud-app" href="/" />
		</breadcrumbs>

		<menu name="Main" inherit="top">
			<item name="Home" href="./" />
			<item name="Change Log" href="changelog.html" />
			<item name="GitHub project" href="http://github.scania.com/AEM/${project.artifactId}" />
			<item name="Wiki"
				href="https://wikiinline.scania.com/wiki/Category:Adobe_Experience_Manager" />
			<item name="Release notes" href="http://alm.aps.scania.com/jenkins" />
		</menu>
		<menu name="Download" inherit="top">
			<item name="Download" href="http://alm.aps.scania.com/artifactory" />
		</menu>
		<menu name="Documentation" inherit="bottom">
			<item name="Usage"
				href="https://wikiinline.scania.com/wiki/Category:Adobe_Experience_Manager" />
			<item name="Components"
				href="https://wikiinline.scania.com/wiki/Category:Adobe_Experience_Manager#components" />
			<item name="Design library" href="https://static.scania.com/ux-library/" />
			<item name="ComOn project room"
				href="https://teamroom.scania.com/share/page/site/new-online-experience/dashboard" />
		</menu>
		<menu name="Tools" inherit="bottom">
			<item name="Javadoc" href="/apidocs/" />
		</menu>
		<menu name="Maven documentation" ref="reports" inherit="bottom" />
	</body>
	
</project>
