<?xml version="1.0" encoding="UTF-8"?>
<jcr:root xmlns:sling="http://sling.apache.org/jcr/sling/1.0" xmlns:cq="http://www.day.com/jcr/cq/1.0" xmlns:jcr="http://www.jcp.org/jcr/1.0" xmlns:nt="http://www.jcp.org/jcr/nt/1.0"
    jcr:primaryType="nt:unstructured"
    jcr:title="dialog"
    sling:resourceType="cq/gui/components/authoring/dialog"
    helpPath="http://www.adobe.com/go/aem6_1_docs_component_en">
    <content
        jcr:primaryType="nt:unstructured"
        sling:resourceType="granite/ui/components/foundation/container"
        formName="socialConversation">
        <layout
            jcr:primaryType="nt:unstructured"
            sling:resourceType="granite/ui/components/foundation/layouts/tabs"
            type="nav"/>
        <items jcr:primaryType="nt:unstructured">
            <tab1
                jcr:primaryType="nt:unstructured"
                jcr:title="Configure"
                sling:resourceType="granite/ui/components/foundation/container">
                <layout
                    jcr:primaryType="nt:unstructured"
                    sling:resourceType="granite/ui/components/foundation/layouts/fixedcolumns"/>
                <items jcr:primaryType="nt:unstructured">
                    <columns
                        jcr:primaryType="nt:unstructured"
                        sling:resourceType="granite/ui/components/foundation/container">
                        <items jcr:primaryType="nt:unstructured">
                            <application
                                jcr:primaryType="nt:unstructured"
                                sling:resourceType="granite/ui/components/foundation/form/select"
                                fieldLabel="Application*"
                                name="./application"
                                required="{Boolean}true">
                                <items jcr:primaryType="nt:unstructured">
                                    <option1
                                        jcr:primaryType="nt:unstructured"
                                        text="TIL"/>
                                    <option2
                                        jcr:primaryType="nt:unstructured"
                                        text="TBB_Teamroom"/>
                                    <option3
                                        jcr:primaryType="nt:unstructured"
                                        text="lud"/>
                                </items>
                            </application>
                            <siteid
                                jcr:primaryType="nt:unstructured"
                                sling:resourceType="granite/ui/components/foundation/form/select"
                                fieldLabel="Site ID*"
                                name="./siteid"
                                required="{Boolean}true">
                                <items jcr:primaryType="nt:unstructured">
                                    <option1
                                        jcr:primaryType="nt:unstructured"
                                        text="PGRT"/>
                                    <option2
                                        jcr:primaryType="nt:unstructured"
                                        text="4"/>
                                    <option3
                                        jcr:primaryType="nt:unstructured"
                                        text="bodybuilder-drawings"/>
                                    <option4
                                        jcr:primaryType="nt:unstructured"
                                        text="type-approval"/>
                                    <option5
                                        jcr:primaryType="nt:unstructured"
                                        text="tbb-drawings"/>
                                    <option6
                                        jcr:primaryType="nt:unstructured"
                                        text="lud-services"/>
                                    <option7
                                        jcr:primaryType="nt:unstructured"
                                        text="lud-bus"/>
                                    <option8
                                        jcr:primaryType="nt:unstructured"
                                        text="lud-trucks"/>
                                </items>
                            </siteid>
                            <folderid
                                jcr:primaryType="nt:unstructured"
                                sling:resourceType="granite/ui/components/foundation/form/textfield"
                                fieldLabel="Folder ID*"
                                name="./folderid"
                                required="{Boolean}true"/>
                        </items>
                    </columns>
                </items>
            </tab1>
        </items>
    </content>
</jcr:root>
